Workbook

Sheet Line productivity
A1: Date | B1: Product | C1: Batch | D1: Operator | E1: Start Time | F1: End Time | G1: Batch Time | H1: Min batch time | L1: Row Labels | M1: Sum of Efficiency
A2: 45533 | B2: OR-600 | C2: 422111 | D2: Mac | E2: 0.49305556 | F2: 0.58680556 | G2: =(F2-E2)*24*60 -> 135 | H2: =_xlfn.XLOOKUP(B2,Products!A:A,Products!D:D) -> 60 | L2: Charlie | M2: 0.66839378
A3: 45533 | B3: LE-600 | C3: 422112 | D3: Mac | E3: 0.58680556 | F3: 0.65625 | G3: =(F3-E3)*24*60 -> 100 | H3: =_xlfn.XLOOKUP(B3,Products!A:A,Products!D:D) -> 60 | L3: Dee | M3: 0.6407767
A4: 45533 | B4: LE-600 | C4: 422113 | D4: Mac | E4: 0.65625 | F4: 0.73263889 | G4: =(F4-E4)*24*60 -> 110 | H4: =_xlfn.XLOOKUP(B4,Products!A:A,Products!D:D) -> 60 | L4: Dennis | M4: 0.63170732
A5: 45533 | B5: LE-600 | C5: 422114 | D5: Mac | E5: 0.73263889 | F5: 0.80208333 | G5: =(F5-E5)*24*60 -> 100 | H5: =_xlfn.XLOOKUP(B5,Products!A:A,Products!D:D) -> 60 | L5: Mac | M5: 0.60941176
A6: 45533 | B6: LE-600 | C6: 422115 | D6: Charlie | E6: 0.80208333 | F6: 0.86041667 | G6: =(F6-E6)*24*60 -> 84 | H6: =_xlfn.XLOOKUP(B6,Products!A:A,Products!D:D) -> 60 | L6: Grand Total | M6: 0.6402281
A7: 45533 | B7: LE-600 | C7: 422116 | D7: Charlie | E7: 0.86041667 | F7: 0.90208333 | G7: =(F7-E7)*24*60 -> 60 | H7: =_xlfn.XLOOKUP(B7,Products!A:A,Products!D:D) -> 60
A8: 45533 | B8: LE-600 | C8: 422117 | D8: Charlie | E8: 0.90208333 | F8: 0.95416667 | G8: =(F8-E8)*24*60 -> 75 | H8: =_xlfn.XLOOKUP(B8,Products!A:A,Products!D:D) -> 60
A9: 45534 | B9: CO-600 | C9: 422118 | D9: Dee | E9: 0.17013889 | F9: 0.25347222 | G9: =(F9-E9)*24*60 -> 120 | H9: =_xlfn.XLOOKUP(B9,Products!A:A,Products!D:D) -> 60
A10: 45534 | B10: CO-600 | C10: 422119 | D10: Dee | E10: 0.25347222 | F10: 0.3125 | G10: =(F10-E10)*24*60 -> 85 | H10: =_xlfn.XLOOKUP(B10,Products!A:A,Products!D:D) -> 60
A11: 45534 | B11: CO-600 | C11: 422120 | D11: Dee | E11: 0.3125 | F11: 0.39027778 | G11: =(F11-E11)*24*60 -> 112 | H11: =_xlfn.XLOOKUP(B11,Products!A:A,Products!D:D) -> 60
A12: 45534 | B12: CO-600 | C12: 422121 | D12: Dennis | E12: 0.39027778 | F12: 0.44236111 | G12: =(F12-E12)*24*60 -> 75 | H12: =_xlfn.XLOOKUP(B12,Products!A:A,Products!D:D) -> 60
A13: 45534 | B13: CO-600 | C13: 422122 | D13: Dennis | E13: 0.44236111 | F13: 0.50138889 | G13: =(F13-E13)*24*60 -> 85 | H13: =_xlfn.XLOOKUP(B13,Products!A:A,Products!D:D) -> 60
A14: 45534 | B14: CO-600 | C14: 422123 | D14: Dennis | E14: 0.50138889 | F14: 0.59375 | G14: =(F14-E14)*24*60 -> 133 | H14: =_xlfn.XLOOKUP(B14,Products!A:A,Products!D:D) -> 60
A15: 45534 | B15: CO-600 | C15: 422124 | D15: Dennis | E15: 0.59375 | F15: 0.66319444 | G15: =(F15-E15)*24*60 -> 100 | H15: =_xlfn.XLOOKUP(B15,Products!A:A,Products!D:D) -> 60
A16: 45534 | B16: CO-600 | C16: 422125 | D16: Charlie | E16: 0.66319444 | F16: 0.71875 | G16: =(F16-E16)*24*60 -> 80 | H16: =_xlfn.XLOOKUP(B16,Products!A:A,Products!D:D) -> 60
A17: 45534 | B17: CO-600 | C17: 422126 | D17: Charlie | E17: 0.71875 | F17: 0.79097222 | G17: =(F17-E17)*24*60 -> 104 | H17: =_xlfn.XLOOKUP(B17,Products!A:A,Products!D:D) -> 60
A18: 45534 | B18: CO-600 | C18: 422127 | D18: Charlie | E18: 0.79097222 | F18: 0.84861111 | G18: =(F18-E18)*24*60 -> 83 | H18: =_xlfn.XLOOKUP(B18,Products!A:A,Products!D:D) -> 60
... A39: 45538 | B39: CO-2L | C39: 422148 | D39: Mac | E39: 0.95486111 | F39: 1.0451389 | G39: =(F39-E39)*24*60 -> 130 | H39: =_xlfn.XLOOKUP(B39,Products!A:A,Products!D:D) -> 98

Sheet Dashboard
C27: 6 | D27: 7 | E27: 4 | F27: 2 | G27: 8
C28: Machine adjusment | D28: Machine failure | E28: Inventory shortage | F28: Batch change | G28: Batch coding error
B29: Charlie | C29: =SUMIFS(INDEX('Line downtime'!$C$3:$N$40,,MATCH(Dashboard!C$27,'Line downtime'!$C$2:$N$2,0)),'Line downtime'!$B$3:$B$40,Dashboard!$B29) -> 118 | D29: =SUMIFS(INDEX('Line downtime'!$C$3:$N$40,,MATCH(Dashboard!D$27,'Line downtime'!$C$2:$N$2,0)),'Line downtime'!$B$3:$B$40,Dashboard!$B29) -> 85 | E29: =SUMIFS(INDEX('Line downtime'!$C$3:$N$40,,MATCH(Dashboard!E$27,'Line downtime'!$C$2:$N$2,0)),'Line downtime'!$B$3:$B$40,Dashboard!$B29) -> 17 | F29: =SUMIFS(INDEX('Line downtime'!$C$3:$N$40,,MATCH(Dashboard!F$27,'Line downtime'!$C$2:$N$2,0)),'Line downtime'!$B$3:$B$40,Dashboard!$B29) -> 10 | G29: =SUMIFS(INDEX('Line downtime'!$C$3:$N$40,,MATCH(Dashboard!G$27,'Line downtime'!$C$2:$N$2,0)),'Line downtime'!$B$3:$B$40,Dashboard!$B29) -> 44
B30: Dee | C30: =SUMIFS(INDEX('Line downtime'!$C$3:$N$40,,MATCH(Dashboard!C$27,'Line downtime'!$C$2:$N$2,0)),'Line downtime'!$B$3:$B$40,Dashboard!$B30) -> 79 | D30: =SUMIFS(INDEX('Line downtime'!$C$3:$N$40,,MATCH(Dashboard!D$27,'Line downtime'!$C$2:$N$2,0)),'Line downtime'!$B$3:$B$40,Dashboard!$B30) -> 36 | E30: =SUMIFS(INDEX('Line downtime'!$C$3:$N$40,,MATCH(Dashboard!E$27,'Line downtime'!$C$2:$N$2,0)),'Line downtime'!$B$3:$B$40,Dashboard!$B30) -> 85 | F30: =SUMIFS(INDEX('Line downtime'!$C$3:$N$40,,MATCH(Dashboard!F$27,'Line downtime'!$C$2:$N$2,0)),'Line downtime'!$B$3:$B$40,Dashboard!$B30) -> 20 | G30: =SUMIFS(INDEX('Line downtime'!$C$3:$N$40,,MATCH(Dashboard!G$27,'Line downtime'!$C$2:$N$2,0)),'Line downtime'!$B$3:$B$40,Dashboard!$B30) -> 30
B31: Dennis | C31: =SUMIFS(INDEX('Line downtime'!$C$3:$N$40,,MATCH(Dashboard!C$27,'Line downtime'!$C$2:$N$2,0)),'Line downtime'!$B$3:$B$40,Dashboard!$B31) -> 120 | D31: =SUMIFS(INDEX('Line downtime'!$C$3:$N$40,,MATCH(Dashboard!D$27,'Line downtime'!$C$2:$N$2,0)),'Line downtime'!$B$3:$B$40,Dashboard!$B31) -> 88 | E31: =SUMIFS(INDEX('Line downtime'!$C$3:$N$40,,MATCH(Dashboard!E$27,'Line downtime'!$C$2:$N$2,0)),'Line downtime'!$B$3:$B$40,Dashboard!$B31) -> 43 | F31: =SUMIFS(INDEX('Line downtime'!$C$3:$N$40,,MATCH(Dashboard!F$27,'Line downtime'!$C$2:$N$2,0)),'Line downtime'!$B$3:$B$40,Dashboard!$B31) -> 0 | G31: =SUMIFS(INDEX('Line downtime'!$C$3:$N$40,,MATCH(Dashboard!G$27,'Line downtime'!$C$2:$N$2,0)),'Line downtime'!$B$3:$B$40,Dashboard!$B31) -> 24
B32: Mac | C32: =SUMIFS(INDEX('Line downtime'!$C$3:$N$40,,MATCH(Dashboard!C$27,'Line downtime'!$C$2:$N$2,0)),'Line downtime'!$B$3:$B$40,Dashboard!$B32) -> 15 | D32: =SUMIFS(INDEX('Line downtime'!$C$3:$N$40,,MATCH(Dashboard!D$27,'Line downtime'!$C$2:$N$2,0)),'Line downtime'!$B$3:$B$40,Dashboard!$B32) -> 45 | E32: =SUMIFS(INDEX('Line downtime'!$C$3:$N$40,,MATCH(Dashboard!E$27,'Line downtime'!$C$2:$N$2,0)),'Line downtime'!$B$3:$B$40,Dashboard!$B32) -> 80 | F32: =SUMIFS(INDEX('Line downtime'!$C$3:$N$40,,MATCH(Dashboard!F$27,'Line downtime'!$C$2:$N$2,0)),'Line downtime'!$B$3:$B$40,Dashboard!$B32) -> 130 | G32: =SUMIFS(INDEX('Line downtime'!$C$3:$N$40,,MATCH(Dashboard!G$27,'Line downtime'!$C$2:$N$2,0)),'Line downtime'!$B$3:$B$40,Dashboard!$B32) -> 47
C34: Total Down time-1116

Sheet Products
A1: Product | B1: Flavor | C1: Size | D1: Min batch time
A2: OR-600 | B2: Orange | C2: 600 ml | D2: 60
A3: LE-600 | B3: Lemon lime | C3: 600 ml | D3: 60
A4: CO-600 | B4: Cola | C4: 600 ml | D4: 60
A5: DC-600 | B5: Diet Cola | C5: 600 ml | D5: 60
A6: RB-600 | B6: Root Beer | C6: 600 ml | D6: 60
A7: CO-2L | B7: Cola | C7: 2 L | D7: 98

Sheet Downtime factors
A1: Factor | B1: Description | C1: Operator Error
A2: 1 | B2: Emergency stop | C2: No
A3: 2 | B3: Batch change | C3: Yes
A4: 3 | B4: Labeling error | C4: No
A5: 4 | B5: Inventory shortage | C5: No
A6: 5 | B6: Product spill | C6: Yes
A7: 6 | B7: Machine adjustment | C7: Yes
A8: 7 | B8: Machine failure | C8: No
A9: 8 | B9: Batch coding error | C9: Yes
A10: 9 | B10: Conveyor belt jam | C10: No
A11: 10 | B11: Calibration error | C11: Yes
A12: 11 | B12: Label switch | C12: Yes
A13: 12 | B13: Other | C13: No

Sheet Line downtime
C1: Downtime factor
A2: Batch | B2: Operator | C2: 1 | D2: 2 | E2: 3 | F2: 4 | G2: 5 | H2: 6 | I2: 7 | J2: 8 | K2: 9 | L2: 10 | M2: 11 | N2: 12
A3: 422111 | B3: =_xlfn.XLOOKUP(A3,'Line productivity'!C:C,'Line productivity'!D:D) -> Mac | D3: 60 | I3: 15
A4: 422112 | B4: =_xlfn.XLOOKUP(A4,'Line productivity'!C:C,'Line productivity'!D:D) -> Mac | D4: 20 | J4: 20
A5: 422113 | B5: =_xlfn.XLOOKUP(A5,'Line productivity'!C:C,'Line productivity'!D:D) -> Mac | D5: 50
A6: 422114 | B6: =_xlfn.XLOOKUP(A6,'Line productivity'!C:C,'Line productivity'!D:D) -> Mac | F6: 25 | H6: 15
A7: 422115 | B7: =_xlfn.XLOOKUP(A7,'Line productivity'!C:C,'Line productivity'!D:D) -> Charlie | L7: 24
A8: 422116 | B8: =_xlfn.XLOOKUP(A8,'Line productivity'!C:C,'Line productivity'!D:D) -> Charlie
A9: 422117 | B9: =_xlfn.XLOOKUP(A9,'Line productivity'!C:C,'Line productivity'!D:D) -> Charlie | D9: 10 | H9: 5
A10: 422118 | B10: =_xlfn.XLOOKUP(A10,'Line productivity'!C:C,'Line productivity'!D:D) -> Dee | H10: 14 | I10: 16 | M10: 10 | N10: 20
A11: 422119 | B11: =_xlfn.XLOOKUP(A11,'Line productivity'!C:C,'Line productivity'!D:D) -> Dee | F11: 25
A12: 422120 | B12: =_xlfn.XLOOKUP(A12,'Line productivity'!C:C,'Line productivity'!D:D) -> Dee | F12: 20 | G12: 15 | K12: 17
A13: 422121 | B13: =_xlfn.XLOOKUP(A13,'Line productivity'!C:C,'Line productivity'!D:D) -> Dennis | I13: 15
A14: 422122 | B14: =_xlfn.XLOOKUP(A14,'Line productivity'!C:C,'Line productivity'!D:D) -> Dennis | I14: 25
A15: 422123 | B15: =_xlfn.XLOOKUP(A15,'Line productivity'!C:C,'Line productivity'!D:D) -> Dennis | F15: 43 | I15: 30
A16: 422124 | B16: =_xlfn.XLOOKUP(A16,'Line productivity'!C:C,'Line productivity'!D:D) -> Dennis | G16: 20 | H16: 20
A17: 422125 | B17: =_xlfn.XLOOKUP(A17,'Line productivity'!C:C,'Line productivity'!D:D) -> Charlie | M17: 10 | N17: 10
A18: 422126 | B18: =_xlfn.XLOOKUP(A18,'Line productivity'!C:C,'Line productivity'!D:D) -> Charlie | J18: 44
A19: 422127 | B19: =_xlfn.XLOOKUP(A19,'Line productivity'!C:C,'Line productivity'!D:D) -> Charlie | H19: 23
A20: 422128 | B20: =_xlfn.XLOOKUP(A20,'Line productivity'!C:C,'Line productivity'!D:D) -> Charlie | G20: 22 | I20: 30
A21: 422129 | B21: =_xlfn.XLOOKUP(A21,'Line productivity'!C:C,'Line productivity'!D:D) -> Charlie | N21: 15
A22: 422130 | B22: =_xlfn.XLOOKUP(A22,'Line productivity'!C:C,'Line productivity'!D:D) -> Dee | D22: 20
A23: 422131 | B23: =_xlfn.XLOOKUP(A23,'Line productivity'!C:C,'Line productivity'!D:D) -> Dee | F23: 20 | L23: 10
A24: 422132 | B24: =_xlfn.XLOOKUP(A24,'Line productivity'!C:C,'Line productivity'!D:D) -> Dee
A25: 422133 | B25: =_xlfn.XLOOKUP(A25,'Line productivity'!C:C,'Line productivity'!D:D) -> Dee | I25: 20
A26: 422134 | B26: =_xlfn.XLOOKUP(A26,'Line productivity'!C:C,'Line productivity'!D:D) -> Mac | I26: 30 | J26: 20
A27: 422135 | B27: =_xlfn.XLOOKUP(A27,'Line productivity'!C:C,'Line productivity'!D:D) -> Mac | F27: 30 | N27: 15
A28: 422136 | B28: =_xlfn.XLOOKUP(A28,'Line productivity'!C:C,'Line productivity'!D:D) -> Mac
A29: 422137 | B29: =_xlfn.XLOOKUP(A29,'Line productivity'!C:C,'Line productivity'!D:D) -> Dee | J29: 30 | L29: 15
A30: 422138 | B30: =_xlfn.XLOOKUP(A30,'Line productivity'!C:C,'Line productivity'!D:D) -> Dee | E30: 20
A31: 422139 | B31: =_xlfn.XLOOKUP(A31,'Line productivity'!C:C,'Line productivity'!D:D) -> Dee | F31: 20 | H31: 15
A32: 422140 | B32: =_xlfn.XLOOKUP(A32,'Line productivity'!C:C,'Line productivity'!D:D) -> Dee | H32: 50 | M32: 13
A33: 422141 | B33: =_xlfn.XLOOKUP(A33,'Line productivity'!C:C,'Line productivity'!D:D) -> Dennis | N33: 7
A34: 422142 | B34: =_xlfn.XLOOKUP(A34,'Line productivity'!C:C,'Line productivity'!D:D) -> Dennis | H34: 30
A35: 422143 | B35: =_xlfn.XLOOKUP(A35,'Line productivity'!C:C,'Line productivity'!D:D) -> Dennis | H35: 40 | I35: 18
A36: 422144 | B36: =_xlfn.XLOOKUP(A36,'Line productivity'!C:C,'Line productivity'!D:D) -> Dennis | H36: 30 | J36: 24
A37: 422145 | B37: =_xlfn.XLOOKUP(A37,'Line productivity'!C:C,'Line productivity'!D:D) -> Charlie | E37: 22
A38: 422146 | B38: =_xlfn.XLOOKUP(A38,'Line productivity'!C:C,'Line productivity'!D:D) -> Charlie | H38: 30 | I38: 25 | N38: 7
A39: 422147 | B39: =_xlfn.XLOOKUP(A39,'Line productivity'!C:C,'Line productivity'!D:D) -> Charlie | F39: 17 | H39: 60 | I39: 30
A40: 422148 | B40: =_xlfn.XLOOKUP(A40,'Line productivity'!C:C,'Line productivity'!D:D) -> Mac | F40: 25 | J40: 7
