Workbook

Sheet Line productivity
A1: Date | B1: Product | C1: Batch | D1: Operator | E1: Start Time | F1: End Time | G1: Batch Time
A2: 45533 | B2: OR-600 | C2: 422111 | D2: Mac | E2: 0.49305556 | F2: 0.58680556 | G2: =(F2-E2)*24*60 -> 135
A3: 45533 | B3: LE-600 | C3: 422112 | D3: Mac | E3: 0.58680556 | F3: 0.65625 | G3: =(F3-E3)*24*60 -> 100
A4: 45533 | B4: LE-600 | C4: 422113 | D4: Mac | E4: 0.65625 | F4: 0.73263889 | G4: =(F4-E4)*24*60 -> 110
A5: 45533 | B5: LE-600 | C5: 422114 | D5: Mac | E5: 0.73263889 | F5: 0.80208333 | G5: =(F5-E5)*24*60 -> 100
A6: 45533 | B6: LE-600 | C6: 422115 | D6: Charlie | E6: 0.80208333 | F6: 0.86041667 | G6: =(F6-E6)*24*60 -> 84
A7: 45533 | B7: LE-600 | C7: 422116 | D7: Charlie | E7: 0.86041667 | F7: 0.90208333 | G7: =(F7-E7)*24*60 -> 60
A8: 45533 | B8: LE-600 | C8: 422117 | D8: Charlie | E8: 0.90208333 | F8: 0.95416667 | G8: =(F8-E8)*24*60 -> 75
A9: 45534 | B9: CO-600 | C9: 422118 | D9: Dee | E9: 0.17013889 | F9: 0.25347222 | G9: =(F9-E9)*24*60 -> 120
A10: 45534 | B10: CO-600 | C10: 422119 | D10: Dee | E10: 0.25347222 | F10: 0.3125 | G10: =(F10-E10)*24*60 -> 85
A11: 45534 | B11: CO-600 | C11: 422120 | D11: Dee | E11: 0.3125 | F11: 0.39027778 | G11: =(F11-E11)*24*60 -> 112
A12: 45534 | B12: CO-600 | C12: 422121 | D12: Dennis | E12: 0.39027778 | F12: 0.44236111 | G12: =(F12-E12)*24*60 -> 75
A13: 45534 | B13: CO-600 | C13: 422122 | D13: Dennis | E13: 0.44236111 | F13: 0.50138889 | G13: =(F13-E13)*24*60 -> 85
... A39: 45538 | B39: CO-2L | C39: 422148 | D39: Mac | E39: 0.95486111 | F39: 1.0451389 | G39: =(F39-E39)*24*60 -> 130

Sheet Products
A1: Product | B1: Flavor | C1: Size | D1: Min batch time
A2: OR-600 | B2: Orange | C2: 600 ml | D2: 60
A3: LE-600 | B3: Lemon lime | C3: 600 ml | D3: 60
A4: CO-600 | B4: Cola | C4: 600 ml | D4: 60
A5: DC-600 | B5: Diet Cola | C5: 600 ml | D5: 60
A6: RB-600 | B6: Root Beer | C6: 600 ml | D6: 60
A7: CO-2L | B7: Cola | C7: 2 L | D7: 98

Sheet Downtime factors
A1: Factor | B1: Description | C1: Operator Error | D1: Downtime
A2: 6 | B2: Machine adjustment | C2: Yes | D2: =SUM(INDEX('Line downtime'!$B$3:$M$40,,MATCH(A2,'Line downtime'!$B$2:$M$2,0))) -> 332
A3: 7 | B3: Machine failure | C3: No | D3: =SUM(INDEX('Line downtime'!$B$3:$M$40,,MATCH(A3,'Line downtime'!$B$2:$M$2,0))) -> 254
A4: 4 | B4: Inventory shortage | C4: No | D4: =SUM(INDEX('Line downtime'!$B$3:$M$40,,MATCH(A4,'Line downtime'!$B$2:$M$2,0))) -> 225
A5: 2 | B5: Batch change | C5: Yes | D5: =SUM(INDEX('Line downtime'!$B$3:$M$40,,MATCH(A5,'Line downtime'!$B$2:$M$2,0))) -> 160
A6: 8 | B6: Batch coding error | C6: Yes | D6: =SUM(INDEX('Line downtime'!$B$3:$M$40,,MATCH(A6,'Line downtime'!$B$2:$M$2,0))) -> 145
A7: 12 | B7: Other | C7: No | D7: =SUM(INDEX('Line downtime'!$B$3:$M$40,,MATCH(A7,'Line downtime'!$B$2:$M$2,0))) -> 74
A8: 5 | B8: Product spill | C8: Yes | D8: =SUM(INDEX('Line downtime'!$B$3:$M$40,,MATCH(A8,'Line downtime'!$B$2:$M$2,0))) -> 57
A9: 10 | B9: Calibration error | C9: Yes | D9: =SUM(INDEX('Line downtime'!$B$3:$M$40,,MATCH(A9,'Line downtime'!$B$2:$M$2,0))) -> 49
A10: 3 | B10: Labeling error | C10: No | D10: =SUM(INDEX('Line downtime'!$B$3:$M$40,,MATCH(A10,'Line downtime'!$B$2:$M$2,0))) -> 42
A11: 11 | B11: Label switch | C11: Yes | D11: =SUM(INDEX('Line downtime'!$B$3:$M$40,,MATCH(A11,'Line downtime'!$B$2:$M$2,0))) -> 33
A12: 9 | B12: Conveyor belt jam | C12: No | D12: =SUM(INDEX('Line downtime'!$B$3:$M$40,,MATCH(A12,'Line downtime'!$B$2:$M$2,0))) -> 17
A13: 1 | B13: Emergency stop | C13: No | D13: =SUM(INDEX('Line downtime'!$B$3:$M$40,,MATCH(A13,'Line downtime'!$B$2:$M$2,0))) -> 0

Sheet Line downtime
B1: Downtime factor
A2: Batch | B2: 1 | C2: 2 | D2: 3 | E2: 4 | F2: 5 | G2: 6 | H2: 7 | I2: 8 | J2: 9 | K2: 10 | L2: 11 | M2: 12
A3: 422111 | C3: 60 | H3: 15
A4: 422112 | C4: 20 | I4: 20
A5: 422113 | C5: 50
A6: 422114 | E6: 25 | G6: 15
A7: 422115 | K7: 24
A8: 422116
A9: 422117 | C9: 10 | G9: 5
A10: 422118 | G10: 14 | H10: 16 | L10: 10 | M10: 20
A11: 422119 | E11: 25
A12: 422120 | E12: 20 | F12: 15 | J12: 17
A13: 422121 | H13: 15
A14: 422122 | H14: 25
A15: 422123 | E15: 43 | H15: 30
A16: 422124 | F16: 20 | G16: 20
A17: 422125 | L17: 10 | M17: 10
A18: 422126 | I18: 44
A19: 422127 | G19: 23
A20: 422128 | F20: 22 | H20: 30
A21: 422129 | M21: 15
A22: 422130 | C22: 20
A23: 422131 | E23: 20 | K23: 10
A24: 422132
A25: 422133 | H25: 20
A26: 422134 | H26: 30 | I26: 20
A27: 422135 | E27: 30 | M27: 15
A28: 422136
A29: 422137 | I29: 30 | K29: 15
A30: 422138 | D30: 20
A31: 422139 | E31: 20 | G31: 15
A32: 422140 | G32: 50 | L32: 13
A33: 422141 | M33: 7
A34: 422142 | G34: 30
A35: 422143 | G35: 40 | H35: 18
A36: 422144 | G36: 30 | I36: 24
A37: 422145 | D37: 22
A38: 422146 | G38: 30 | H38: 25 | M38: 7
A39: 422147 | E39: 17 | G39: 60 | H39: 30
A40: 422148 | E40: 25 | I40: 7
